"Año","Municipios","Subregión","Area en Pasto de Corte (Hectarea)","Area en Pasto Natural (Hectarea)","Area en Pasto Mejorado (Hectarea)","Area en Pasto Cultivo Forrajero (Hectarea)","Área en Pasto Sistema Silvopastoril (Hectárea)","Total (Hectareas)"
"2,001","Sincelejo","Montes de María","246.00","23,000.00","320.00","null","null","23,566.00"
"2,001","Buenavista","Sabanas","80.00","12,100.00","250.00","null","null","12,430.00"
"2,001","Caimito","San Jorge","null","20,500.00","15,980.00","null","null","36,480.00"
"2,001","Colosó","Montes de María","18.00","1,300.00","null","null","null","1,318.00"
"2,001","Corozal","Sabanas","10.00","28,000.00","null","null","null","28,010.00"
"2,001","Chalán","Montes de María","null","1,192.00","null","null","null","1,192.00"
"2,001","El Roble","Sabanas","5.00","15,000.00","1,000.00","null","null","16,005.00"
"2,001","Galeras","Sabanas","25.00","24,200.00","null","null","null","24,225.00"
"2,001","Guaranda","Mojana","null","15,000.00","300.00","null","null","15,300.00"
"2,001","La Unión","San Jorge","7.00","12,800.00","1,400.00","null","null","14,207.00"
"2,001","Los Palmitos","Sabanas","15.00","14,200.00","null","null","null","14,215.00"
"2,001","Majagual","Mojana","null","51,000.00","2,000.00","null","null","53,000.00"
"2,001","Morroa","Montes de María","50.00","8,145.00","20.00","null","null","8,215.00"
"2,001","Ovejas","Montes de María","50.00","25,250.00","20.00","null","null","25,320.00"
"2,001","San Antonio de Palmito","Golfo de Morrosquillo","35.00","11,650.00","1,500.00","null","null","13,185.00"
"2,001","Sampués","Sabanas","80.00","17,980.00","250.00","null","null","18,310.00"
"2,001","San Benito Abad","San Jorge","10.00","27,990.00","12,000.00","null","null","40,000.00"
"2,001","San Juan de Betulia","Sabanas","11.00","14,913.00","100.00","null","null","15,024.00"
"2,001","San Marcos","San Jorge","185.00","42,691.00","5,298.00","null","null","48,174.00"
"2,001","San Onofre","Golfo de Morrosquillo","218.00","78,450.00","270.00","null","null","78,938.00"
"2,001","San Pedro","Sabanas","92.00","18,239.00","null","null","null","18,331.00"
"2,001","San Luis de Sincé","Sabanas","350.00","32,000.00","1,950.00","null","null","34,300.00"
"2,001","Sucre","Mojana","null","23,000.00","null","null","null","23,000.00"
"2,001","Santiago de Tolú","Golfo de Morrosquillo","60.00","31,000.00","null","null","null","31,060.00"
"2,001","Toluviejo","Golfo de Morrosquillo","100.00","23,448.00","null","null","null","23,548.00"
"2,002","Sincelejo","Sabanas","250.00","23,000.00","350.00","null","null","23,600.00"
"2,002","Buenavista","Sabanas","80.00","12,016.00","200.00","null","null","12,296.00"
"2,002","Caimito","San Jorge","null","20,500.00","15,980.00","null","null","36,480.00"
"2,002","Colosó","Montes de María","18.00","1,300.00","null","null","null","1,318.00"
"2,002","Corozal","Sabanas","10.00","23,250.00","null","null","null","23,260.00"
"2,002","Chalán","Montes de María","null","1,278.00","null","null","null","1,278.00"
"2,002","El Roble","Sabanas","5.00","15,000.00","1,000.00","null","null","16,005.00"
"2,002","Galeras","Sabanas","30.00","24,155.00","null","null","null","24,185.00"
"2,002","Guaranda","Mojana","null","15,000.00","400.00","null","null","15,400.00"
"2,002","La Unión","San Jorge","12.00","12,863.00","1,474.00","null","null","14,349.00"
"2,002","Los Palmitos","Sabanas","14.00","14,201.00","null","null","null","14,215.00"
"2,002","Majagual","Mojana","null","51,000.00","2,200.00","null","null","53,200.00"
"2,002","Morroa","Montes de María","55.00","8,100.00","15.00","null","null","8,170.00"
"2,002","Ovejas","Montes de María","50.00","25,250.00","200.00","null","null","25,500.00"
"2,002","San Antonio de Palmito","Golfo de Morrosquillo","40.00","6,654.00","6,491.00","null","null","13,185.00"
"2,002","Sampués","Sabanas","100.00","17,990.00","30.00","null","null","18,120.00"
"2,002","San Benito Abad","San Jorge","15.00","26,900.00","13,090.00","null","null","40,005.00"
"2,002","San Juan de Betulia","Sabanas","5.00","14,847.00","80.00","null","null","14,932.00"
"2,002","San Marcos","San Jorge","190.00","37,746.00","10,238.00","null","null","48,174.00"
"2,002","San Onofre","Golfo de Morrosquillo","550.00","78,200.00","1,500.00","null","null","80,250.00"
"2,002","San Pedro","Sabanas","92.00","18,200.00","null","null","null","18,292.00"
"2,002","San Luis de Sincé","Sabanas","380.00","32,000.00","1,950.00","null","null","34,330.00"
"2,002","Sucre","Mojana","null","23,441.00","578.00","null","null","24,019.00"
"2,002","Santiago de Tolú","Golfo de Morrosquillo","60.00","31,000.00","null","null","null","31,060.00"
"2,002","Toluviejo","Golfo de Morrosquillo","100.00","23,448.00","null","null","null","23,548.00"
"2,003","Sincelejo","Montes de María","300.00","23,000.00","400.00","null","null","23,700.00"
"2,003","Buenavista","Sabanas","40.00","12,056.00","200.00","null","null","12,296.00"
"2,003","Caimito","San Jorge","null","20,500.00","15,980.00","null","null","36,480.00"
"2,003","Colosó","Montes de María","10.00","1,308.00","null","null","null","1,318.00"
"2,003","Corozal","Sabanas","30.00","14,000.00","null","null","null","14,030.00"
"2,003","Coveñas","Golfo de Morrosquillo","5.00","2,600.00","null","null","null","2,605.00"
"2,003","Chalán","Montes de María","null","540.00","null","null","null","540.00"
"2,003","El Roble","Sabanas","5.00","12,000.00","1,000.00","null","null","13,005.00"
"2,003","Galeras","Sabanas","95.00","24,170.00","null","null","null","24,265.00"
"2,003","Guaranda","Mojana","null","13,100.00","2,300.00","null","null","15,400.00"
"2,003","La Unión","San Jorge","15.00","12,850.00","1,485.00","null","null","14,350.00"
"2,003","Los Palmitos","Sabanas","15.00","14,204.00","null","null","null","14,219.00"
"2,003","Majagual","Mojana","null","45,000.00","2,500.00","null","null","47,500.00"
"2,003","Morroa","Montes de María","60.00","8,200.00","5.00","null","null","8,265.00"
"2,003","Ovejas","Montes de María","50.00","25,250.00","40.00","null","null","25,340.00"
"2,003","San Antonio de Palmito","Golfo de Morrosquillo","40.00","6,654.00","6,491.00","null","null","13,185.00"
"2,003","Sampués","Sabanas","110.00","17,880.00","130.00","null","null","18,120.00"
"2,003","San Benito Abad","San Jorge","15.00","26,900.00","13,090.00","null","null","40,005.00"
"2,003","San Juan de Betulia","Sabanas","5.00","15,100.00","100.00","null","null","15,205.00"
"2,003","San Marcos","San Jorge","205.00","36,749.00","11,220.00","null","null","48,174.00"
"2,003","San Onofre","Golfo de Morrosquillo","550.00","78,200.00","1,500.00","null","null","80,250.00"
"2,003","San Pedro","Sabanas","143.00","18,149.00","null","null","null","18,292.00"
"2,003","San Luis de Sincé","Sabanas","200.00","34,000.00","200.00","null","null","34,400.00"
"2,003","Sucre","Mojana","null","23,910.00","590.00","null","null","24,500.00"
"2,003","Santiago de Tolú","Golfo de Morrosquillo","45.00","27,380.00","null","null","null","27,425.00"
"2,003","Toluviejo","Golfo de Morrosquillo","105.00","23,443.00","null","null","null","23,548.00"
"2,004","Sincelejo","Montes de María","275.00","23,000.00","400.00","null","null","23,675.00"
"2,004","Buenavista","Sabanas","120.00","12,060.00","200.00","null","null","12,380.00"
"2,004","Caimito","San Jorge","null","20,500.00","15,980.00","null","null","36,480.00"
"2,004","Colosó","Montes de María","null","1,308.00","null","null","null","1,308.00"
"2,004","Corozal","Sabanas","36.00","12,600.00","null","null","null","12,636.00"
"2,004","Coveñas","Golfo de Morrosquillo","7.00","2,598.00","null","null","null","2,605.00"
"2,004","Chalán","Montes de María","null","540.00","null","null","null","540.00"
"2,004","El Roble","Sabanas","10.00","13,500.00","500.00","null","null","14,010.00"
"2,004","Galeras","Sabanas","100.00","24,170.00","null","null","null","24,270.00"
"2,004","Guaranda","Mojana","null","14,000.00","4,000.00","null","null","18,000.00"
"2,004","La Unión","San Jorge","21.00","12,794.00","1,535.00","null","null","14,350.00"
"2,004","Los Palmitos","Sabanas","18.00","14,204.00","null","null","null","14,222.00"
"2,004","Majagual","Mojana","null","50,000.00","10,000.00","null","null","60,000.00"
"2,004","Morroa","Montes de María","70.00","7,000.00","40.00","null","null","7,110.00"
"2,004","Ovejas","Montes de María","50.00","25,550.00","50.00","null","null","25,650.00"
"2,004","San Antonio de Palmito","Golfo de Morrosquillo","90.00","7,910.00","4,000.00","null","null","12,000.00"
"2,004","Sampués","Sabanas","147.00","17,948.00","185.00","null","null","18,280.00"
"2,004","San Benito Abad","San Jorge","20.00","26,900.00","15,200.00","null","null","42,120.00"
"2,004","San Juan de Betulia","Sabanas","30.00","11,771.00","120.00","null","null","11,921.00"
"2,004","San Marcos","San Jorge","356.00","32,188.00","15,630.00","null","null","48,174.00"
"2,004","San Onofre","Golfo de Morrosquillo","600.00","78,150.00","1,500.00","null","null","80,250.00"
"2,004","San Pedro","Sabanas","247.00","16,936.00","null","null","null","17,183.00"
"2,004","San Luis de Sincé","Sabanas","450.00","33,000.00","300.00","null","null","33,750.00"
"2,004","Sucre","Mojana","null","23,910.00","590.00","null","null","24,500.00"
"2,004","Santiago de Tolú","Golfo de Morrosquillo","47.00","27,380.00","null","null","null","27,427.00"
"2,004","Toluviejo","Golfo de Morrosquillo","105.00","23,443.00","null","null","null","23,548.00"
"2,005","Sincelejo","Montes de María","275.00","23,000.00","400.00","null","null","23,675.00"
"2,005","Buenavista","Sabanas","120.00","12,060.00","200.00","null","null","12,380.00"
"2,005","Caimito","San Jorge","null","20,500.00","15,980.00","null","null","36,480.00"
"2,005","Colosó","Montes de María","10.00","1,308.00","null","null","null","1,318.00"
"2,005","Corozal","Sabanas","36.00","12,600.00","null","null","null","12,636.00"
"2,005","Coveñas","Golfo de Morrosquillo","7.00","2,598.00","null","null","null","2,605.00"
"2,005","Chalán","Montes de María","null","540.00","null","null","null","540.00"
"2,005","El Roble","Sabanas","10.00","13,500.00","null","null","null","13,510.00"
"2,005","Galeras","Sabanas","100.00","24,170.00","null","null","null","24,270.00"
"2,005","Guaranda","Mojana","null","14,000.00","4,000.00","null","null","18,000.00"
"2,005","La Unión","San Jorge","21.00","12,794.00","1,535.00","null","null","14,350.00"
"2,005","Los Palmitos","Sabanas","18.00","14,204.00","null","null","null","14,222.00"
"2,005","Majagual","Mojana","null","50,000.00","10,000.00","null","null","60,000.00"
"2,005","Morroa","Montes de María","70.00","7,000.00","40.00","null","null","7,110.00"
"2,005","Ovejas","Montes de María","50.00","25,550.00","50.00","null","null","25,650.00"
"2,005","San Antonio de Palmito","Golfo de Morrosquillo","90.00","7,910.00","4,000.00","null","null","12,000.00"
"2,005","Sampués","Sabanas","147.00","17,948.00","185.00","null","null","18,280.00"
"2,005","San Benito Abad","San Jorge","20.00","26,900.00","15,200.00","null","null","42,120.00"
"2,005","San Juan de Betulia","Sabanas","30.00","11,771.00","120.00","null","null","11,921.00"
"2,005","San Marcos","San Jorge","356.00","32,188.00","15,630.00","null","null","48,174.00"
"2,005","San Onofre","Golfo de Morrosquillo","600.00","78,150.00","1,500.00","null","null","80,250.00"
"2,005","San Pedro","Sabanas","247.00","16,936.00","null","null","null","17,183.00"
"2,005","San Luis de Sincé","Sabanas","450.00","33,000.00","300.00","null","null","33,750.00"
"2,005","Sucre","Mojana","null","23,910.00","590.00","null","null","24,500.00"
"2,005","Santiago de Tolú","Golfo de Morrosquillo","47.00","27,380.00","null","null","null","27,427.00"
"2,005","Toluviejo","Golfo de Morrosquillo","105.00","23,443.00","null","null","null","23,548.00"
"2,006","No existen datos","No existen datos","null","null","null","null","null","null"
"2,007","Sincelejo","Sabanas","316.00","23,000.00","625.00","null","null","23,941.00"
"2,007","Buenavista","Sabanas","80.00","9,862.00","150.00","null","null","10,092.00"
"2,007","Caimito","San Jorge","null","604.00","37,568.00","null","null","38,172.00"
"2,007","Colosó","Montes de María","15.00","3,500.00","null","null","null","3,515.00"
"2,007","Corozal","Sabanas","49.00","23,039.00","60.00","4.00","null","23,152.00"
"2,007","Coveñas","Golfo de Morrosquillo","15.00","1,200.00","400.00","2.00","null","1,617.00"
"2,007","Chalán","Montes de María","1.00","2,900.00","null","null","null","2,901.00"
"2,007","El Roble","Sabanas","20.00","15,546.00","null","null","null","15,566.00"
"2,007","Galeras","Sabanas","30.00","27,997.00","null","null","null","28,027.00"
"2,007","Guaranda","Mojana","null","15,000.00","5,300.00","null","null","20,300.00"
"2,007","La Unión","San Jorge","25.00","21,219.00","1,328.00","null","null","22,572.00"
"2,007","Los Palmitos","Sabanas","22.50","19,488.50","null","2.00","null","19,513.00"
"2,007","Majagual","Mojana","null","55,000.00","15,000.00","null","null","70,000.00"
"2,007","Morroa","Montes de María","50.00","14,983.00","20.00","null","null","15,053.00"
"2,007","Ovejas","Montes de María","50.00","38,070.00","500.00","null","null","38,620.00"
"2,007","San Antonio de Palmito","Morrosquillo","40.00","9,792.00","6,491.00","null","null","16,323.00"
"2,007","Sampués","Sabanas","175.00","16,841.00","1,850.00","null","null","18,866.00"
"2,007","San Benito Abad","San Jorge","25.00","28,550.00","18,320.00","null","null","46,895.00"
"2,007","San Juan de Betulia","Sabanas","15.00","20,800.00","80.00","null","null","20,895.00"
"2,007","San Marcos","San Jorge","415.00","36,014.00","35,814.00","null","null","72,243.00"
"2,007","San Onofre","Morrosquillo","800.00","77,578.00","2,250.00","null","null","80,628.00"
"2,007","San Pedro","Sabanas","230.00","19,252.00","10.00","null","null","19,492.00"
"2,007","San Luis de Sincé","Sabanas","120.00","35,358.00","550.00","20.00","null","36,048.00"
"2,007","Sucre","Mojana","null","29,668.00","9,890.00","null","null","39,558.00"
"2,007","Santiago de Tolú","Golfo de Morrosquillo","65.00","16,707.00","5,596.00","null","null","22,368.00"
"2,007","Toluviejo","Golfo de Morrosquillo","155.00","23,443.00","null","null","null","23,598.00"
"2,008","Sincelejo","Sabanas","323.00","23,000.00","639.00","null","null","23,962.00"
"2,008","Buenavista","Sabanas","85.00","9,827.00","180.00","null","null","10,092.00"
"2,008","Caimito","San Jorge","null","604.00","37,568.00","null","null","38,172.00"
"2,008","Chalán","Montes de María","3.00","2,967.00","null","null","null","2,970.00"
"2,008","Colosó","Montes de María","18.00","3,500.00","null","null","null","3,518.00"
"2,008","Corozal","Sabanas","90.00","22,978.00","80.00","4.00","null","23,152.00"
"2,008","Coveñas","Morrosquillo","25.00","1,300.00","500.00","2.50","null","1,827.50"
"2,008","El Roble","Sabanas","20.00","15,546.00","null","null","null","15,566.00"
"2,008","Galeras","Sabanas","50.00","29,997.00","null","null","null","30,047.00"
"2,008","Guaranda","Mojana","null","15,000.00","5,800.00","null","null","20,800.00"
"2,008","La Unión","San Jorge","25.00","20,019.00","1,328.00","null","null","21,372.00"
"2,008","Los Palmitos","Sabanas","34.50","19,488.50","null","10.00","null","19,533.00"
"2,008","Majagual","Mojana","null","52,000.00","18,000.00","null","null","70,000.00"
"2,008","Morroa","Montes de María","80.00","15,000.00","30.00","null","null","15,110.00"
"2,008","Ovejas","Montes de María","55.00","38,070.00","500.00","null","null","38,625.00"
"2,008","San Antonio de Palmito","Morrosquillo","50.00","9,782.00","6,491.00","null","null","16,323.00"
"2,008","Sampués","Sabanas","250.00","15,388.00","150.00","50.00","null","15,838.00"
"2,008","San Benito Abad","San Jorge","27.00","29,000.00","19,000.00","null","null","48,027.00"
"2,008","San Juan de Betulia","Sabanas","25.00","20,750.00","70.00","null","null","20,845.00"
"2,008","San Marcos","San Jorge","447.00","35,714.00","36,114.00","null","null","72,275.00"
"2,008","San Onofre","Morrosquillo","800.00","77,078.00","2,750.00","null","null","80,628.00"
"2,008","San Pedro","Sabanas","360.00","19,120.00","15.00","null","null","19,495.00"
"2,008","San Luis de Sincé","Sabanas","150.00","35,708.00","50.00","140.00","null","36,048.00"
"2,008","Sucre","Mojana","null","32,546.00","1,514.00","null","null","34,060.00"
"2,008","Santiago de Tolú","Golfo de Morrosquillo","68.00","18,380.00","6,590.00","null","null","25,038.00"
"2,008","Toluviejo","Golfo de Morrosquillo","155.00","23,443.00","null","null","null","23,598.00"
"2,009","Sincelejo","Sabanas","325.00","23,000.00","640.00","null","null","23,965.00"
"2,009","Buenavista","Sabanas","85.00","9,807.00","200.00","null","null","10,092.00"
"2,009","Caimito","San Jorge","null","604.00","37,568.00","null","null","38,172.00"
"2,009","Chalán","Montes de María","5.00","2,878.00","null","null","null","2,883.00"
"2,009","Colosó","Montes de María","25.00","3,800.00","null","null","12.00","3,837.00"
"2,009","Corozal","Sabanas","50.00","14,799.00","20.00","1.00","null","14,870.00"
"2,009","Coveñas","Morrosquillo","2.50","1,300.00","500.00","3.00","null","1,805.50"
"2,009","El Roble","Sabanas","20.00","15,546.00","null","null","null","15,566.00"
"2,009","Galeras","Sabanas","67.00","29,980.00","null","null","null","30,047.00"
"2,009","Guaranda","Mojana","null","14,900.00","6,000.00","null","null","20,900.00"
"2,009","La Unión","San Jorge","25.00","20,079.00","1,328.00","null","null","21,432.00"
"2,009","Los Palmitos","Sabanas","36.00","19,486.00","null","10.00","null","19,532.00"
"2,009","Majagual","Mojana","null","55,000.00","18,000.00","null","null","73,000.00"
"2,009","Morroa","Montes de María","150.00","14,500.00","530.00","null","null","15,180.00"
"2,009","Ovejas","Montes de María","55.00","10,200.00","500.00","null","null","10,755.00"
"2,009","Sampués","Sabanas","280.00","15,150.00","160.00","58.00","200.00","15,848.00"
"2,009","San Antonio de Palmito","Morrosquillo","60.00","8,663.00","7,600.00","null","null","16,323.00"
"2,009","San Benito Abad","San Jorge","30.00","30,000.00","19,000.00","null","null","49,030.00"
"2,009","San Juan de Betulia","Sabanas","30.00","20,900.00","70.00","null","null","21,000.00"
"2,009","San Marcos","San Jorge","467.00","34,612.00","37,186.00","10.00","null","72,275.00"
"2,009","San Onofre","Morrosquillo","850.00","65,328.00","2,800.00","null","1,650.00","70,628.00"
"2,009","San Pedro","Sabanas","360.00","19,120.00","50.00","null","10.00","19,540.00"
"2,009","San Luis de Sincé","Sabanas","200.00","35,500.00","50.00","140.00","null","35,890.00"
"2,009","Sucre","Mojana","null","32,600.00","1,600.00","null","null","34,200.00"
"2,009","Santiago de Tolú","Golfo de Morrosquillo","80.00","18,380.00","6,590.00","null","null","25,050.00"
"2,009","Toluviejo","Golfo de Morrosquillo","217.00","20,343.00","3,000.00","100.00","null","23,660.00"
"2,010","Sincelejo","Sabanas","331.00","23,000.00","646.00","null","null","23,977.00"
"2,010","Buenavista","Sabanas","140.00","9,437.00","230.00","null","null","9,807.00"
"2,010","Caimito","San Jorge","null","604.00","37,568.00","null","null","38,172.00"
"2,010","Chalán","Montes de María","7.00","2,943.00","null","null","null","2,950.00"
"2,010","Colosó","Montes de María","90.00","4,200.00","null","null","18.00","4,308.00"
"2,010","Corozal","Sabanas","54.00","14,975.00","20.00","20.00","null","15,069.00"
"2,010","Coveñas","Morrosquillo","2.50","1,300.00","500.00","3.00","null","1,805.50"
"2,010","El Roble","Sabanas","22.00","15,546.00","null","null","null","15,568.00"
"2,010","Galeras","Sabanas","74.00","29,973.00","null","null","null","30,047.00"
"2,010","Guaranda","Mojana","null","14,900.00","6,000.00","null","null","20,900.00"
"2,010","La Unión","San Jorge","27.00","20,050.00","1,328.00","null","null","21,405.00"
"2,010","Los Palmitos","Sabanas","40.00","19,500.00","null","15.00","null","19,555.00"
"2,010","Majagual","Mojana","null","45,000.00","25,000.00","null","null","70,000.00"
"2,010","Morroa","Montes de María","130.00","14,500.00","550.00","null","null","15,180.00"
"2,010","Ovejas","Montes de María","30.00","15,800.00","null","null","null","15,830.00"
"2,010","Sampués","Sabanas","250.00","15,150.00","160.00","40.00","200.00","15,800.00"
"2,010","San Antonio de Palmito","Morrosquillo","80.00","8,624.00","7,600.00","null","19.00","16,323.00"
"2,010","San Benito Abad","San Jorge","40.00","25,000.00","22,000.00","null","null","47,040.00"
"2,010","San Juan de Betulia","Sabanas","35.00","20,765.00","50.00","null","null","20,850.00"
"2,010","San Marcos","San Jorge","485.00","33,485.00","38,275.00","30.00","null","72,275.00"
"2,010","San Onofre","Morrosquillo","988.00","74,899.00","2,903.00","null","1,838.00","80,628.00"
"2,010","San Pedro","Sabanas","380.00","19,065.00","80.00","null","15.00","19,540.00"
"2,010","San Luis de Sincé","Sabanas","205.00","35,500.00","55.00","140.00","2.00","35,902.00"
"2,010","Sucre","Mojana","null","null","null","null","null","null"
"2,010","Santiago de Tolú","Golfo de Morrosquillo","100.00","18,420.00","6,620.00","null","null","25,140.00"
"2,010","Toluviejo","Golfo de Morrosquillo","228.00","20,343.00","3,000.00","120.00","null","23,691.00"
"2,011","Sincelejo","Sabanas","366.00","22,000.00","579.00","null","null","22,945.00"
"2,011","Buenavista","Sabanas","160.00","9,027.00","250.00","null","null","9,437.00"
"2,011","Caimito","San Jorge","null","604.00","37,568.00","null","null","38,172.00"
"2,011","Chalán","Montes de María","8.00","2,913.00","null","null","null","2,921.00"
"2,011","Colosó","Montes de María","110.00","4,500.00","10.00","null","30.00","4,650.00"
"2,011","Corozal","Sabanas","120.00","14,917.00","20.00","12.00","null","15,069.00"
"2,011","Coveñas","Morrosquillo","3.00","1,300.00","500.00","3.00","null","1,806.00"
"2,011","El Roble","Sabanas","22.00","15,546.00","null","null","null","15,568.00"
"2,011","Galeras","Sabanas","94.00","29,953.00","null","null","null","30,047.00"
"2,011","Guaranda","Mojana","null","14,900.00","6,000.00","null","null","20,900.00"
"2,011","La Unión","San Jorge","27.00","20,050.00","1,328.00","null","null","21,405.00"
"2,011","Los Palmitos","Sabanas","75.00","14,900.00","null","10.00","null","14,985.00"
"2,011","Majagual","Mojana","null","45,000.00","25,000.00","null","null","70,000.00"
"2,011","Morroa","Montes de María","220.00","14,000.00","1,020.00","null","null","15,240.00"
"2,011","Ovejas","Montes de María","60.00","12,000.00","null","null","null","12,060.00"
"2,011","Sampués","Sabanas","300.00","15,100.00","120.00","80.00","200.00","15,800.00"
"2,011","San Antonio de Palmito","Morrosquillo","80.00","8,924.00","7,600.00","null","19.00","16,623.00"
"2,011","San Benito Abad","San Jorge","50.00","35,000.00","22,000.00","null","null","57,050.00"
"2,011","San Juan de Betulia","Sabanas","40.00","20,960.00","55.00","null","null","21,055.00"
"2,011","San Marcos","San Jorge","490.00","33,085.00","37,310.00","160.00","null","71,045.00"
"2,011","San Onofre","Morrosquillo","988.00","74,899.00","2,903.00","null","1,838.00","80,628.00"
"2,011","San Pedro","Sabanas","385.00","18,985.00","120.00","null","15.00","19,505.00"
"2,011","San Luis de Sincé","Sabanas","205.00","35,500.00","55.00","140.00","2.00","35,902.00"
"2,011","Sucre","Mojana","null","32,600.00","1,600.00","null","null","34,200.00"
"2,011","Santiago de Tolú","Golfo de Morrosquillo","120.00","19,510.00","6,750.00","null","null","26,380.00"
"2,011","Toluviejo","Golfo de Morrosquillo","244.00","20,343.00","3,000.00","150.00","null","23,737.00"
"2,012","Sincelejo","Sabanas","373.00","22,000.00","582.00","null","null","22,955.00"
"2,012","Buenavista","Sabanas","178.00","9,005.00","255.00","5.00","20.00","9,463.00"
"2,012","Caimito","San Jorge","null","8,381.00","18,350.00","null","null","26,731.00"
"2,012","Chalán","Montes de María","6.50","2,083.00","4.00","null","null","2,093.50"
"2,012","Colosó","Montes de María","108.00","7,000.00","40.00","null","20.00","7,168.00"
"2,012","Corozal","Sabanas","150.00","14,980.00","38.00","47.00","null","15,215.00"
"2,012","Coveñas","Morrosquillo","4.00","1,300.00","500.00","4.00","null","1,808.00"
"2,012","El Roble","Sabanas","22.00","15,546.00","null","null","null","15,568.00"
"2,012","Galeras","Sabanas","103.00","29,944.00","null","null","null","30,047.00"
"2,012","Guaranda","Mojana","null","14,900.00","6,000.00","null","null","20,900.00"
"2,012","La Unión","San Jorge","27.00","20,050.00","1,328.00","null","null","21,405.00"
"2,012","Los Palmitos","Sabanas","65.00","14,900.00","null","15.00","null","14,980.00"
"2,012","Majagual","Mojana","20.00","54,000.00","8,980.00","null","null","63,000.00"
"2,012","Morroa","Montes de María","250.00","15,000.00","1,200.00","null","null","16,450.00"
"2,012","Ovejas","Montes de María","80.00","12,000.00","150.00","null","null","12,230.00"
"2,012","Sampués","Sabanas","300.00","15,100.00","150.00","50.00","200.00","15,800.00"
"2,012","San Antonio de Palmito","Morrosquillo","55.00","9,020.00","7,504.00","null","19.00","16,598.00"
"2,012","San Benito Abad","San Jorge","60.00","45,000.00","22,000.00","null","null","67,060.00"
"2,012","San Juan de Betulia","Sabanas","38.00","18,340.00","45.00","null","null","18,423.00"
"2,012","San Marcos","San Jorge","530.00","29,980.00","40,325.00","210.00","null","71,045.00"
"2,012","San Onofre","Morrosquillo","1,073.00","72,934.00","3,703.00","80.00","2,838.00","80,628.00"
"2,012","San Pedro","Sabanas","398.00","17,882.00","130.00","null","21.00","18,431.00"
"2,012","San Luis de Sincé","Sabanas","255.00","35,560.00","70.00","110.00","3.00","35,998.00"
"2,012","Sucre","Mojana","null","32,600.00","1,600.00","null","null","34,200.00"
"2,012","Santiago de Tolú","Golfo de Morrosquillo","150.00","19,510.00","6,750.00","null","null","26,410.00"
"2,012","Toluviejo","Golfo de Morrosquillo","250.00","20,343.00","3,000.00","200.00","50.00","23,843.00"
"2,013","Sincelejo","Montes de María","383.00","22,800.00","605.00","null","null","23,788.00"
"2,013","Buenavista","Sabanas","205.00","8,900.00","285.00","15.00","64.00","9,469.00"
"2,013","Caimito","San Jorge","null","8,381.00","18,350.00","null","null","26,731.00"
"2,013","Chalán","Montes de María","8.50","2,065.00","13.00","null","null","2,086.50"
"2,013","Colosó","Montes de María","100.00","7,000.00","100.00","null","60.00","7,260.00"
"2,013","Corozal","Sabanas","140.00","15,565.00","6,235.00","60.00","2.00","22,002.00"
"2,013","Coveñas","Morrosquillo","6.00","1,300.00","500.00","10.00","null","1,816.00"
"2,013","El Roble","Sabanas","28.00","15,546.00","null","null","null","15,574.00"
"2,013","Galeras","Sabanas","105.00","29,944.00","null","null","null","30,049.00"
"2,013","Guaranda","Mojana","null","14,800.00","6,200.00","null","null","21,000.00"
"2,013","La Unión","San Jorge","27.00","20,050.00","1,328.00","null","null","21,405.00"
"2,013","Los Palmitos","Sabanas","90.00","14,835.00","null","null","25.00","14,950.00"
"2,013","Majagual","Mojana","30.00","54,300.00","9,050.00","null","null","63,380.00"
"2,013","Morroa","Montes de María","300.00","15,000.00","1,250.00","null","3.00","16,553.00"
"2,013","Ovejas","Montes de María","80.00","12,500.00","230.00","50.00","50.00","12,910.00"
"2,013","Sampués","Sabanas","300.00","15,050.00","200.00","50.00","200.00","15,800.00"
"2,013","San Antonio de Palmito","Morrosquillo","62.00","9,062.00","7,504.00","5.00","50.00","16,683.00"
"2,013","San Benito Abad","San Jorge","30.00","35,000.00","22,000.00","null","null","57,030.00"
"2,013","San Juan de Betulia","Sabanas","39.00","18,217.00","44.00","null","null","18,300.00"
"2,013","San Marcos","San Jorge","620.00","32,480.00","37,825.00","320.00","null","71,245.00"
"2,013","San Onofre","Morrosquillo","1,100.00","72,900.00","3,750.00","80.00","2,900.00","80,730.00"
"2,013","San Pedro","Sabanas","412.00","17,793.00","137.00","null","25.00","18,367.00"
"2,013","San Luis de Sincé","Sabanas","260.00","35,525.00","85.00","120.00","10.00","36,000.00"
"2,013","Sucre","Mojana","10.00","59,490.00","4,500.00","null","null","64,000.00"
"2,013","Santiago de Tolú","Golfo de Morrosquillo","180.00","19,510.00","6,750.00","null","null","26,440.00"
"2,013","Toluviejo","Golfo de Morrosquillo","260.00","20,343.00","3,000.00","200.00","50.00","23,853.00"
"2,014","Sincelejo","Montes de María","401.00","22,400.00","600.00","null","null","23,401.00"
"2,014","Buenavista","Sabanas","202.00","8,900.00","295.00","1.00","63.00","9,461.00"
"2,014","Caimito","San Jorge","null","8,381.00","18,350.00","null","null","26,731.00"
"2,014","Chalán","Montes de María","17.00","1,938.00","22.50","null","null","1,977.50"
"2,014","Colosó","Montes de María","120.00","7,020.00","110.00","null","72.00","7,322.00"
"2,014","Corozal","Sabanas","150.00","19,692.00","3,220.00","120.00","4.00","23,186.00"
"2,014","Coveñas","Morrosquillo","10.00","1,310.00","500.00","15.00","null","1,835.00"
"2,014","El Roble","Sabanas","25.00","16,000.00","null","null","null","16,025.00"
"2,014","Galeras","Sabanas","250.00","29,300.00","null","null","null","29,550.00"
"2,014","Guaranda","Mojana","null","14,800.00","6,700.00","null","null","21,500.00"
"2,014","La Unión","San Jorge","27.00","20,050.00","1,328.00","null","null","21,405.00"
"2,014","Los Palmitos","Sabanas","90.00","13,550.00","300.00","100.00","40.00","14,080.00"
"2,014","Majagual","Mojana","20.00","54,500.00","9,500.00","null","null","64,020.00"
"2,014","Morroa","Montes de María","330.00","15,000.00","1,250.00","null","3.00","16,583.00"
"2,014","Ovejas","Montes de María","180.00","13,000.00","300.00","50.00","50.00","13,580.00"
"2,014","Sampués","Sabanas","300.00","14,950.00","300.00","50.00","200.00","15,800.00"
"2,014","San Antonio de Palmito","Morrosquillo","80.00","9,062.00","7,504.00","5.00","50.00","16,701.00"
"2,014","San Benito Abad","San Jorge","40.00","40,000.00","25,000.00","null","null","65,040.00"
"2,014","San Juan de Betulia","Sabanas","35.00","18,525.00","40.00","null","null","18,600.00"
"2,014","San Marcos","San Jorge","650.00","30,150.00","35,750.00","650.00","null","67,200.00"
"2,014","San Onofre","Morrosquillo","1,100.00","72,900.00","3,750.00","100.00","3,000.00","80,850.00"
"2,014","San Pedro","Sabanas","432.00","17,918.00","142.00","null","18.00","18,510.00"
"2,014","San Luis de Sincé","Sabanas","320.00","35,370.00","130.00","165.00","15.00","36,000.00"
"2,014","Sucre","Mojana","20.00","59,480.00","4,500.00","null","null","64,000.00"
"2,014","Santiago de Tolú","Golfo de Morrosquillo","200.00","20,100.00","6,200.00","null","null","26,500.00"
"2,014","Toluviejo","Golfo de Morrosquillo","254.00","20,100.00","3,243.00","220.00","80.00","23,897.00"
"2,015","Sincelejo","Montes de María","401.00","22,400.00","600.00","null","null","23,401.00"
"2,015","Buenavista","Sabanas","210.00","8,890.00","290.00","4.00","63.00","9,457.00"
"2,015","Caimito","San Jorge","null","8,381.00","18,350.00","null","null","26,731.00"
"2,015","Chalán","Montes de María","19.00","1,955.00","28.50","null","null","2,002.50"
"2,015","Colosó","Montes de María","130.00","7,055.00","115.00","null","75.00","7,375.00"
"2,015","Corozal","Sabanas","150.00","19,692.00","3,220.00","120.00","4.00","23,186.00"
"2,015","Coveñas","Morrosquillo","15.00","1,315.00","500.00","15.00","null","1,845.00"
"2,015","El Roble","Sabanas","15.00","16,020.00","null","null","null","16,035.00"
"2,015","Galeras","Sabanas","350.00","28,935.00","null","null","null","29,285.00"
"2,015","Guaranda","Mojana","null","14,800.00","6,700.00","null","null","21,500.00"
"2,015","La Unión","San Jorge","27.00","20,050.00","1,328.00","null","null","21,405.00"
"2,015","Los Palmitos","Sabanas","85.00","13,550.00","180.00","80.00","15.00","13,910.00"
"2,015","Majagual","Mojana","25.00","59,500.00","15,000.00","null","null","74,525.00"
"2,015","Morroa","Montes de María","330.00","15,000.00","1,250.00","null","3.00","16,583.00"
"2,015","Ovejas","Montes de María","230.00","13,200.00","320.00","80.00","50.00","13,880.00"
"2,015","Sampués","Sabanas","280.00","14,980.00","300.00","40.00","200.00","15,800.00"
"2,015","San Antonio de Palmito","Morrosquillo","82.00","9,060.00","7,504.00","5.00","50.00","16,701.00"
"2,015","San Benito Abad","San Jorge","40.00","40,000.00","25,000.00","null","null","65,040.00"
"2,015","San Juan de Betulia","Sabanas","35.00","18,425.00","40.00","null","null","18,500.00"
"2,015","San Marcos","San Jorge","700.00","30,000.00","35,000.00","1,400.00","null","67,100.00"
"2,015","San Onofre","Morrosquillo","1,200.00","72,500.00","4,000.00","150.00","3,000.00","80,850.00"
"2,015","San Pedro","Sabanas","521.00","17,851.00","165.00","null","48.00","18,585.00"
"2,015","San Luis de Sincé","Sabanas","380.00","36,260.00","160.00","180.00","20.00","37,000.00"
"2,015","Sucre","Mojana","null","83,000.00","2,000.00","null","null","85,000.00"
"2,015","Santiago de Tolú","Golfo de Morrosquillo","220.00","20,150.00","6,400.00","null","null","26,770.00"
"2,015","Toluviejo","Golfo de Morrosquillo","274.00","21,708.00","3,502.00","238.00","86.00","25,808.00"
"2,016","Buenavista","Sabanas","215.00","8,873.00","300.00","6.00","63.00","9,457.00"
"2,016","Caimito","San Jorge","null","8,381.00","18,350.00","null","null","26,731.00"
"2,016","Chalán","Montes de María","25.00","1,955.00","30.50","null","null","2,010.50"
"2,016","Colosó","Montes de María","20.00","2,000.00","10.00","null","80.00","2,110.00"
"2,016","Corozal","Sabanas","150.00","19,642.00","3,220.00","120.00","4.00","23,136.00"
"2,016","Coveñas","Golfo de Morrosquillo","16.00","1,315.00","500.00","16.00","null","1,847.00"
"2,016","El Roble","Sabanas","15.00","16,020.00","null","null","null","16,035.00"
"2,016","Galeras","Sabanas","362.00","28,397.00","null","null","null","28,759.00"
"2,016","Guaranda","Mojana","25.00","14,700.00","4,055.00","null","null","18,780.00"
"2,016","La Unión","San Jorge","39.75","14,271.20","1,373.00","1.00","null","15,684.95"
"2,016","Los Palmitos","Sabanas","270.00","15,500.00","250.00","170.00","null","16,190.00"
"2,016","Majagual","Mojana","15.00","64,500.00","15,000.00","null","null","79,515.00"
"2,016","Morroa","Montes de María","385.00","14,945.00","1,250.00","null","3.00","16,583.00"
"2,016","Ovejas","Montes de María","260.00","13,200.00","330.00","90.00","60.00","13,940.00"
"2,016","Sampués","Sabanas","330.00","14,480.00","400.00","30.00","250.00","15,490.00"
"2,016","San Antonio de Palmito","Golfo de Morrosquillo","85.00","9,000.00","7,500.00","10.00","50.00","16,645.00"
"2,016","San Benito Abad","San Jorge","60.00","41,000.00","30,000.00","50.00","null","71,110.00"
"2,016","San Juan de Betulia","Sabanas","25.00","18,437.00","30.00","6.00","6.00","18,504.00"
"2,016","San Marcos","San Jorge","790.00","30,000.00","34,000.00","1,600.00","96.00","66,486.00"
"2,016","San Onofre","Golfo de Morrosquillo","1,250.00","72,600.00","4,020.00","170.00","3,050.00","81,090.00"
"2,016","San Pedro","Sabanas","610.00","17,762.00","100.00","null","113.00","18,585.00"
"2,016","San Luis de Sincé","Sabanas","450.00","36,160.00","175.00","165.00","30.00","36,980.00"
"2,016","Sincelejo","Sabanas","432.00","22,700.00","541.00","null","null","23,673.00"
"2,016","Sucre","Mojana","null","83,000.00","2,000.00","null","null","85,000.00"
"2,016","Santiago de Tolú","Golfo de Morrosquillo","250.00","20,200.00","7,000.00","null","null","27,450.00"
"2,016","Toluviejo","Golfo de Morrosquillo","282.00","20,708.00","3,502.00","498.00","86.00","25,076.00"
"2,017","Buenavista","Sabanas","240.00","8,848.00","315.00","8.00","70.00","9,481.00"
"2,017","Caimito","San Jorge","null","8,381.00","18,350.00","null","null","26,731.00"
"2,017","Chalán","Montes de María","28.00","1,942.00","33.00","null","null","2,003.00"
"2,017","Colosó","Montes de María","18.00","1,800.00","15.00","null","60.00","1,893.00"
"2,017","Corozal","Sabanas","146.00","19,642.00","3,230.00","110.00","4.00","23,132.00"
"2,017","Coveñas","Morrosquillo","16.00","1,315.00","500.00","16.00","null","1,847.00"
"2,017","El Roble","Sabanas","15.00","16,020.00","null","null","null","16,035.00"
"2,017","Galeras","Sabanas","370.00","27,947.00","450.00","null","null","28,767.00"
"2,017","Guaranda","Mojana","20.00","14,800.00","5,500.00","null","null","20,320.00"
"2,017","La Unión","San Jorge","39.75","14,521.20","1,373.00","1.00","null","15,934.95"
"2,017","Los Palmitos","Sabanas","340.00","17,050.00","350.00","270.00","null","18,010.00"
"2,017","Majagual","Mojana","25.00","59,500.00","20,000.00","null","null","79,525.00"
"2,017","Morroa","Montes de María","385.00","14,945.00","1,250.00","null","3.00","16,583.00"
"2,017","Ovejas","Montes de María","300.00","13,200.00","330.00","115.00","80.00","14,025.00"
"2,017","Sampués","Sabanas","330.00","14,500.00","400.00","35.00","250.00","15,515.00"
"2,017","San Antonio de Palmito","Morrosquillo","95.00","8,990.00","7,600.00","15.00","55.00","16,755.00"
"2,017","San Benito Abad","San Jorge","60.00","41,000.00","30,000.00","null","null","71,060.00"
"2,017","San Juan de Betulia","Sabanas","23.00","18,440.00","29.00","7.00","5.00","18,504.00"
"2,017","San Marcos","San Jorge","796.00","30,000.00","34,000.00","1,610.00","94.00","66,500.00"
"2,017","San Onofre","Morrosquillo","1,300.00","72,800.00","4,030.00","180.00","3,100.00","81,410.00"
"2,017","San Pedro","Sabanas","610.00","17,762.00","100.00","null","113.00","18,585.00"
"2,017","San Luis de Sincé","Sabanas","480.00","36,085.00","190.00","175.00","35.00","36,965.00"
"2,017","Sincelejo","Sabanas","486.00","22,730.00","526.00","null","null","23,742.00"
"2,017","Sucre","Mojana","null","83,000.00","2,200.00","null","null","85,200.00"
"2,017","Santiago de Tolú","Golfo de Morrosquillo","270.00","20,200.00","7,250.00","null","null","27,720.00"
"2,017","Toluviejo","Golfo de Morrosquillo","274.00","20,700.00","3,529.00","326.00","108.00","24,937.00"
"2,018","Buenavista","Sabanas","295.00","9,225.00","340.00","16.00","85.00","9,961.00"
"2,018","Caimito","San Jorge","null","8,381.00","18,350.00","null","null","26,731.00"
"2,018","Chalán","Montes de María","31.50","1,948.00","42.00","null","null","2,021.50"
"2,018","Colosó","Montes de María","15.00","1,800.00","15.00","null","60.00","1,890.00"
"2,018","Corozal","Sabanas","146.00","19,642.00","3,238.00","110.00","4.00","23,140.00"
"2,018","Coveñas","Morrosquillo","18.00","1,320.00","500.00","17.00","null","1,855.00"
"2,018","El Roble","Sabanas","20.00","16,100.00","null","null","null","16,120.00"
"2,018","Galeras","Sabanas","370.00","27,947.00","450.00","null","null","28,767.00"
"2,018","Guaranda","Mojana","20.00","14,600.00","5,300.00","null","null","19,920.00"
"2,018","La Unión","San Jorge","40.00","14,500.00","1,375.00","null","null","15,915.00"
"2,018","Los Palmitos","Sabanas","550.00","16,840.00","350.00","270.00","null","18,010.00"
"2,018","Majagual","Mojana","28.00","59,500.00","20,000.00","null","null","79,528.00"
"2,018","Morroa","Montes de María","385.00","14,945.00","1,250.00","null","3.00","16,583.00"
"2,018","Ovejas","Montes de María","340.00","13,000.00","300.00","150.00","80.00","13,870.00"
"2,018","Sampués","Sabanas","118.00","13,012.00","100.00","20.00","250.00","13,500.00"
"2,018","San Antonio de Palmito","Morrosquillo","100.00","12,000.00","8,000.00","16.00","55.00","20,171.00"
"2,018","San Benito Abad","San Jorge","60.00","41,000.00","30,000.00","null","null","71,060.00"
"2,018","San Juan de Betulia","Sabanas","23.00","18,470.00","25.00","3.00","5.00","18,526.00"
"2,018","San Marcos","San Jorge","800.00","30,000.00","34,000.00","1,610.00","94.00","66,504.00"
"2,018","San Onofre","Golfo de Morrosquillo","1,300.00","72,800.00","4,030.00","180.00","3,100.00","81,410.00"
"2,018","San Pedro","Sabanas","610.00","17,762.00","100.00","null","113.00","18,585.00"
"2,018","San Luis de Sincé","Sabanas","520.00","36,005.00","220.00","170.00","45.00","36,960.00"
"2,018","Sincelejo","Sabanas","486.00","22,730.00","526.00","null","null","23,742.00"
"2,018","Sucre","Mojana","null","83,000.00","2,200.00","null","null","85,200.00"
"2,018","Santiago de Tolú","Golfo de Morrosquillo","290.00","20,200.00","8,200.00","null","null","28,690.00"
"2,018","Toluviejo","Golfo de Morrosquillo","305.00","21,800.00","2,430.00","349.00","116.00","25,000.00"
